date,portfolio_value,period_return,cumulative_return,drawdown,turnover,transaction_cost,benchmark_return,excess_return,active_stocks,weight_AAPL,weight_ADBE,weight_ADI,weight_AEP,weight_AMAT,weight_AMD,weight_AMGN,weight_AMZN,weight_AXON,weight_AZN,weight_BIIB,weight_BKNG,weight_BKR,weight_CCEP,weight_CHTR,weight_CMCSA,weight_COST,weight_CPRT,weight_CSGP,weight_CSX,weight_CTAS,weight_DXCM,weight_EA,weight_EXC,weight_FANG,weight_FAST,weight_GILD,weight_GOOG,weight_GOOGL,weight_KDP,weight_KHC,weight_LIN,weight_LULU,weight_MAR,weight_MDLZ,weight_MELI,weight_PYPL,weight_XEL
2021-12-31,9987763.929590583,-0.07236070409417152,-0.12236070409417099,-0.12236070409417153,0.5,5000.0,-0.0017861273923986832,-0.07057457670177283,6,0.0,0.0,0.0,0.0,0.0,0.0,0.2,0.0,0.0,0.0,0.0,0.0,0.0,0.2,0.0,0.0,0.0,0.0,0.0,0.0,0.0,0.0,0.0,0.0,0.0,0.0,0.0,0.0,0.2,0.0,0.0,0.2,0.0,0.0,0.0,0.0,0.2,0.0
2022-01-31,9971213.09600314,-0.16571110114455223,-0.28786903996860236,-0.2878690399686061,0.0,0.0,-0.014058143194568783,-0.15165295794998346,6,0.0,0.0,0.0,0.0,0.0,0.0,0.2,0.0,0.0,0.0,0.0,0.0,0.0,0.2,0.0,0.0,0.0,0.0,0.0,0.0,0.0,0.0,0.0,0.0,0.0,0.0,0.0,0.0,0.2,0.0,0.0,0.2,0.0,0.0,0.0,0.0,0.2,0.0
2022-02-28,9963821.993877742,-0.07412440245971084,-0.3617800612225719,-0.3617800612225756,0.0,0.0,0.002430200491002515,-0.07655460295071335,6,0.0,0.0,0.0,0.0,0.0,0.0,0.2,0.0,0.0,0.0,0.0,0.0,0.0,0.2,0.0,0.0,0.0,0.0,0.0,0.0,0.0,0.0,0.0,0.0,0.0,0.0,0.0,0.0,0.2,0.0,0.0,0.2,0.0,0.0,0.0,0.0,0.2,0.0
2022-03-31,9946800.535137901,-0.17083262577652933,-0.5319946486209925,-0.5319946486209892,0.0,0.0,-0.015651494754772437,-0.1551811310217569,6,0.0,0.0,0.0,0.0,0.0,0.0,0.2,0.0,0.0,0.0,0.0,0.0,0.0,0.2,0.0,0.0,0.0,0.0,0.0,0.0,0.0,0.0,0.0,0.0,0.0,0.0,0.0,0.0,0.2,0.0,0.0,0.2,0.0,0.0,0.0,0.0,0.2,0.0
2022-04-30,9935268.32623171,-0.11593887768685818,-0.6473167376828903,-0.6473167376828939,0.0,0.0,-0.0030660840535634438,-0.11287279363329474,6,0.0,0.0,0.0,0.0,0.0,0.0,0.2,0.0,0.0,0.0,0.0,0.0,0.0,0.2,0.0,0.0,0.0,0.0,0.0,0.0,0.0,0.0,0.0,0.0,0.0,0.0,0.0,0.0,0.2,0.0,0.0,0.2,0.0,0.0,0.0,0.0,0.2,0.0
2022-05-31,9915672.928035274,-0.19723068922758102,-0.84327071964726,-0.8432707196472586,0.0,0.0,-0.02264523251276267,-0.17458545671481834,6,0.0,0.0,0.0,0.0,0.0,0.0,0.2,0.0,0.0,0.0,0.0,0.0,0.0,0.2,0.0,0.0,0.0,0.0,0.0,0.0,0.0,0.0,0.0,0.0,0.0,0.0,0.0,0.0,0.2,0.0,0.0,0.2,0.0,0.0,0.0,0.0,0.2,0.0
2022-06-30,9911622.399860336,-0.020849755778908727,-0.8837760013966411,-0.8837760013966448,0.2,1983.134585607055,-0.010998381252743696,-0.009851374526165031,6,0.0,0.0,0.0,0.0,0.0,0.0,0.2,0.0,0.0,0.0,0.0,0.0,0.2,0.2,0.0,0.0,0.0,0.0,0.0,0.0,0.0,0.0,0.0,0.0,0.0,0.0,0.0,0.0,0.2,0.0,0.0,0.2,0.0,0.0,0.0,0.0,0.0,0.0
2022-07-31,9905400.706114234,-0.06277169866953046,-0.9459929388576538,-0.945992938857656,0.0,0.0,-0.009623956109862773,-0.053147742559667685,6,0.0,0.0,0.0,0.0,0.0,0.0,0.2,0.0,0.0,0.0,0.0,0.0,0.2,0.2,0.0,0.0,0.0,0.0,0.0,0.0,0.0,0.0,0.0,0.0,0.0,0.0,0.0,0.0,0.2,0.0,0.0,0.2,0.0,0.0,0.0,0.0,0.0,0.0
2022-08-31,9884482.55086569,-0.21117929369211197,-1.1551744913431028,-1.1551744913431072,0.0,0.0,-0.03373566485549274,-0.17744362883661924,6,0.0,0.0,0.0,0.0,0.0,0.0,0.2,0.0,0.0,0.0,0.0,0.0,0.2,0.2,0.0,0.0,0.0,0.0,0.0,0.0,0.0,0.0,0.0,0.0,0.0,0.0,0.0,0.0,0.2,0.0,0.0,0.2,0.0,0.0,0.0,0.0,0.0,0.0
2022-09-30,9881320.046792693,-0.0319946345873177,-1.1867995320730684,-1.1867995320730658,0.0,0.0,-0.0025957869488353784,-0.029398847638482325,6,0.0,0.0,0.0,0.0,0.0,0.0,0.2,0.0,0.0,0.0,0.0,0.0,0.2,0.2,0.0,0.0,0.0,0.0,0.0,0.0,0.0,0.0,0.0,0.0,0.0,0.0,0.0,0.0,0.2,0.0,0.0,0.2,0.0,0.0,0.0,0.0,0.0,0.0
2022-10-31,9880588.49259401,-0.00740340556949377,-1.1941150740599094,-1.1941150740599074,0.0,0.0,-0.0027575105379678694,-0.0046458950315259005,6,0.0,0.0,0.0,0.0,0.0,0.0,0.2,0.0,0.0,0.0,0.0,0.0,0.2,0.2,0.0,0.0,0.0,0.0,0.0,0.0,0.0,0.0,0.0,0.0,0.0,0.0,0.0,0.0,0.2,0.0,0.0,0.2,0.0,0.0,0.0,0.0,0.0,0.0
2022-11-30,9886065.05598781,0.0554275020956993,-1.139349440121895,-1.1393494401218929,0.0,0.0,0.007215727298324436,0.04821177479737486,6,0.0,0.0,0.0,0.0,0.0,0.0,0.2,0.0,0.0,0.0,0.0,0.0,0.2,0.2,0.0,0.0,0.0,0.0,0.0,0.0,0.0,0.0,0.0,0.0,0.0,0.0,0.0,0.0,0.2,0.0,0.0,0.2,0.0,0.0,0.0,0.0,0.0,0.0
2022-12-31,9892887.943704564,0.08901520147919656,-1.071120562954364,-1.0711205629543588,0.2,1977.2130111975623,0.007698484255295051,0.0813167172239015,6,0.0,0.0,0.0,0.0,0.0,0.0,0.2,0.0,0.0,0.0,0.0,0.0,0.2,0.2,0.0,0.0,0.0,0.0,0.0,0.0,0.0,0.0,0.0,0.0,0.0,0.0,0.0,0.0,0.0,0.0,0.0,0.2,0.0,0.0,0.0,0.0,0.2,0.0
2023-01-31,9902604.096510572,0.09821351319551469,-0.9739590348942784,-0.9739590348942765,0.0,0.0,0.008795976834861857,0.08941753636065283,6,0.0,0.0,0.0,0.0,0.0,0.0,0.2,0.0,0.0,0.0,0.0,0.0,0.2,0.2,0.0,0.0,0.0,0.0,0.0,0.0,0.0,0.0,0.0,0.0,0.0,0.0,0.0,0.0,0.0,0.0,0.0,0.2,0.0,0.0,0.0,0.0,0.2,0.0
2023-02-28,9919566.276932541,0.1712900996208191,-0.80433723067459,-0.8043372306745872,0.0,0.0,0.023884895404702736,0.14740520421611636,6,0.0,0.0,0.0,0.0,0.0,0.0,0.2,0.0,0.0,0.0,0.0,0.0,0.2,0.2,0.0,0.0,0.0,0.0,0.0,0.0,0.0,0.0,0.0,0.0,0.0,0.0,0.0,0.0,0.0,0.0,0.0,0.2,0.0,0.0,0.0,0.0,0.2,0.0
2023-03-31,9931307.529208,0.11836457308381797,-0.6869247079199892,-0.6869247079199925,0.0,0.0,0.023116061635511484,0.09524851144830648,6,0.0,0.0,0.0,0.0,0.0,0.0,0.2,0.0,0.0,0.0,0.0,0.0,0.2,0.2,0.0,0.0,0.0,0.0,0.0,0.0,0.0,0.0,0.0,0.0,0.0,0.0,0.0,0.0,0.0,0.0,0.0,0.2,0.0,0.0,0.0,0.0,0.2,0.0
2023-04-30,9929260.881792251,-0.02060803584754467,-0.7073911820774881,-0.7073911820774899,0.0,0.0,0.00431374288899334,-0.02492177873653801,6,0.0,0.0,0.0,0.0,0.0,0.0,0.2,0.0,0.0,0.0,0.0,0.0,0.2,0.2,0.0,0.0,0.0,0.0,0.0,0.0,0.0,0.0,0.0,0.0,0.0,0.0,0.0,0.0,0.0,0.0,0.0,0.2,0.0,0.0,0.0,0.0,0.2,0.0
2023-05-31,9931716.224653276,0.024728354811668407,-0.682837753467247,-0.6828377534672432,0.0,0.0,0.013003891628039511,0.011724463183628896,6,0.0,0.0,0.0,0.0,0.0,0.0,0.2,0.0,0.0,0.0,0.0,0.0,0.2,0.2,0.0,0.0,0.0,0.0,0.0,0.0,0.0,0.0,0.0,0.0,0.0,0.0,0.0,0.0,0.0,0.0,0.0,0.2,0.0,0.0,0.0,0.0,0.2,0.0
2023-06-30,9944269.682217862,0.14639766663312914,-0.5573031778213777,-0.5573031778213755,0.2,1986.3432449306554,0.01867940757227571,0.12771825906085343,6,0.0,0.0,0.0,0.0,0.0,0.0,0.0,0.0,0.0,0.0,0.0,0.0,0.2,0.2,0.0,0.0,0.0,0.0,0.0,0.0,0.0,0.0,0.0,0.0,0.0,0.0,0.0,0.0,0.2,0.0,0.0,0.2,0.0,0.0,0.0,0.0,0.2,0.0
2023-07-31,9963272.304480853,0.19109117984771729,-0.36727695519147563,-0.3672769551914744,0.0,0.0,0.028952898947816146,0.16213828089990115,6,0.0,0.0,0.0,0.0,0.0,0.0,0.0,0.0,0.0,0.0,0.0,0.0,0.2,0.2,0.0,0.0,0.0,0.0,0.0,0.0,0.0,0.0,0.0,0.0,0.0,0.0,0.0,0.0,0.2,0.0,0.0,0.2,0.0,0.0,0.0,0.0,0.2,0.0
2023-08-31,9970738.314763581,0.07493532299995423,-0.29261685236419144,-0.29261685236418616,0.0,0.0,0.012229690818410171,0.06270563218154405,6,0.0,0.0,0.0,0.0,0.0,0.0,0.0,0.0,0.0,0.0,0.0,0.0,0.2,0.2,0.0,0.0,0.0,0.0,0.0,0.0,0.0,0.0,0.0,0.0,0.0,0.0,0.0,0.0,0.2,0.0,0.0,0.2,0.0,0.0,0.0,0.0,0.2,0.0
2023-09-30,9973072.742950145,0.023412791639566416,-0.2692725704985466,-0.26927257049854847,0.0,0.0,0.006013784655614903,0.017399006983951512,6,0.0,0.0,0.0,0.0,0.0,0.0,0.0,0.0,0.0,0.0,0.0,0.0,0.2,0.2,0.0,0.0,0.0,0.0,0.0,0.0,0.0,0.0,0.0,0.0,0.0,0.0,0.0,0.0,0.2,0.0,0.0,0.2,0.0,0.0,0.0,0.0,0.2,0.0
2023-10-31,9978073.386234779,0.050141450017690666,-0.2192661376522076,-0.2192661376522109,0.0,0.0,0.013238105628835525,0.03690334438885514,6,0.0,0.0,0.0,0.0,0.0,0.0,0.0,0.0,0.0,0.0,0.0,0.0,0.2,0.2,0.0,0.0,0.0,0.0,0.0,0.0,0.0,0.0,0.0,0.0,0.0,0.0,0.0,0.0,0.2,0.0,0.0,0.2,0.0,0.0,0.0,0.0,0.2,0.0
2023-11-30,9983439.919341268,0.05378325954079628,-0.16560080658731824,-0.16560080658731982,0.0,0.0,0.01516174848534559,0.0386215110554507,6,0.0,0.0,0.0,0.0,0.0,0.0,0.0,0.0,0.0,0.0,0.0,0.0,0.2,0.2,0.0,0.0,0.0,0.0,0.0,0.0,0.0,0.0,0.0,0.0,0.0,0.0,0.0,0.0,0.2,0.0,0.0,0.2,0.0,0.0,0.0,0.0,0.2,0.0
2023-12-31,9984163.356732529,0.007246373966336253,-0.15836643267471695,-0.15836643267471343,0.0,0.0,0.007039953856483886,0.00020642010985236648,6,0.0,0.0,0.0,0.0,0.0,0.0,0.0,0.0,0.0,0.0,0.0,0.0,0.2,0.2,0.0,0.0,0.0,0.0,0.0,0.0,0.0,0.0,0.0,0.0,0.0,0.0,0.0,0.0,0.2,0.0,0.0,0.2,0.0,0.0,0.0,0.0,0.2,0.0
2024-01-31,9986468.168558465,0.02308467663824558,-0.1353183144153447,-0.13531831441534684,0.0,0.0,0.005494363262857262,0.017590313375388317,6,0.0,0.0,0.0,0.0,0.0,0.0,0.0,0.0,0.0,0.0,0.0,0.0,0.2,0.2,0.0,0.0,0.0,0.0,0.0,0.0,0.0,0.0,0.0,0.0,0.0,0.0,0.0,0.0,0.2,0.0,0.0,0.2,0.0,0.0,0.0,0.0,0.2,0.0
2024-02-29,10002109.124476714,0.1566214967519045,0.0210912447671463,0.0,0.0,0.0,0.022962461029620546,0.13365903572228396,6,0.0,0.0,0.0,0.0,0.0,0.0,0.0,0.0,0.0,0.0,0.0,0.0,0.2,0.2,0.0,0.0,0.0,0.0,0.0,0.0,0.0,0.0,0.0,0.0,0.0,0.0,0.0,0.0,0.2,0.0,0.0,0.2,0.0,0.0,0.0,0.0,0.2,0.0
2024-03-31,10017587.804245483,0.1547541581094265,0.17587804245482452,0.0,0.0,0.0,0.020885391013794823,0.13386876709563167,6,0.0,0.0,0.0,0.0,0.0,0.0,0.0,0.0,0.0,0.0,0.0,0.0,0.2,0.2,0.0,0.0,0.0,0.0,0.0,0.0,0.0,0.0,0.0,0.0,0.0,0.0,0.0,0.0,0.2,0.0,0.0,0.2,0.0,0.0,0.0,0.0,0.2,0.0
2024-04-30,10030938.05138908,0.13326808214187624,0.3093805138908001,0.0,0.0,0.0,0.02132975859077353,0.11193832355110271,6,0.0,0.0,0.0,0.0,0.0,0.0,0.0,0.0,0.0,0.0,0.0,0.0,0.2,0.2,0.0,0.0,0.0,0.0,0.0,0.0,0.0,0.0,0.0,0.0,0.0,0.0,0.0,0.0,0.2,0.0,0.0,0.2,0.0,0.0,0.0,0.0,0.2,0.0
2024-05-31,10042877.103980992,0.11902229413390161,0.4287710398099165,0.0,0.0,0.0,0.01688794536810172,0.1021343487657999,6,0.0,0.0,0.0,0.0,0.0,0.0,0.0,0.0,0.0,0.0,0.0,0.0,0.2,0.2,0.0,0.0,0.0,0.0,0.0,0.0,0.0,0.0,0.0,0.0,0.0,0.0,0.0,0.0,0.2,0.0,0.0,0.2,0.0,0.0,0.0,0.0,0.2,0.0
2024-06-30,10058472.543167757,0.17528855949640273,0.5847254316775796,0.0,0.2,2008.5754207961986,0.024121240075481564,0.15116731942092118,6,0.0,0.0,0.0,0.0,0.0,0.0,0.2,0.0,0.0,0.0,0.0,0.0,0.2,0.2,0.0,0.0,0.0,0.0,0.0,0.0,0.0,0.0,0.0,0.0,0.0,0.0,0.0,0.0,0.2,0.0,0.0,0.2,0.0,0.0,0.0,0.0,0.0,0.0
2024-07-31,10072920.28462294,0.14363752938807012,0.7292028462293931,0.0,0.0,0.0,0.02430912817975408,0.11932840120831603,6,0.0,0.0,0.0,0.0,0.0,0.0,0.2,0.0,0.0,0.0,0.0,0.0,0.2,0.2,0.0,0.0,0.0,0.0,0.0,0.0,0.0,0.0,0.0,0.0,0.0,0.0,0.0,0.0,0.2,0.0,0.0,0.2,0.0,0.0,0.0,0.0,0.0,0.0
2024-08-31,10084020.428116944,0.11019786894321443,0.8402042811694432,0.0,0.0,0.0,0.018832003207583176,0.09136586573563125,6,0.0,0.0,0.0,0.0,0.0,0.0,0.2,0.0,0.0,0.0,0.0,0.0,0.2,0.2,0.0,0.0,0.0,0.0,0.0,0.0,0.0,0.0,0.0,0.0,0.0,0.0,0.0,0.0,0.2,0.0,0.0,0.2,0.0,0.0,0.0,0.0,0.0,0.0
2024-09-30,10090768.58177889,0.06691927798092365,0.9076858177889058,0.0,0.0,0.0,0.01565070278746517,0.05126857519345848,6,0.0,0.0,0.0,0.0,0.0,0.0,0.2,0.0,0.0,0.0,0.0,0.0,0.2,0.2,0.0,0.0,0.0,0.0,0.0,0.0,0.0,0.0,0.0,0.0,0.0,0.0,0.0,0.0,0.2,0.0,0.0,0.2,0.0,0.0,0.0,0.0,0.0,0.0
2024-10-31,10099081.633431727,0.08238274008035662,0.9908163343172793,0.0,0.0,0.0,0.018559238824405168,0.06382350125595146,6,0.0,0.0,0.0,0.0,0.0,0.0,0.2,0.0,0.0,0.0,0.0,0.0,0.2,0.2,0.0,0.0,0.0,0.0,0.0,0.0,0.0,0.0,0.0,0.0,0.0,0.0,0.0,0.0,0.2,0.0,0.0,0.2,0.0,0.0,0.0,0.0,0.0,0.0
2024-11-30,10100399.724268196,0.013051591068506237,1.0039972426819643,0.0,0.0,0.0,0.012841974139997834,0.00020961692850840312,6,0.0,0.0,0.0,0.0,0.0,0.0,0.2,0.0,0.0,0.0,0.0,0.0,0.2,0.2,0.0,0.0,0.0,0.0,0.0,0.0,0.0,0.0,0.0,0.0,0.0,0.0,0.0,0.0,0.2,0.0,0.0,0.2,0.0,0.0,0.0,0.0,0.0,0.0
2024-12-31,10119641.184238859,0.2105019652284682,1.1964118423885894,0.0,0.2,2020.0799448536393,0.02486218640727824,0.18563977882118995,6,0.0,0.0,0.0,0.0,0.0,0.0,0.0,0.0,0.0,0.0,0.0,0.0,0.2,0.2,0.0,0.0,0.0,0.0,0.0,0.0,0.0,0.0,0.0,0.0,0.0,0.0,0.0,0.0,0.2,0.0,0.0,0.2,0.0,0.0,0.0,0.0,0.2,0.0
2025-01-31,10129293.798828835,0.09538494907319546,1.2929379882883563,0.0,0.0,0.0,0.011631612960053116,0.08375333611314234,6,0.0,0.0,0.0,0.0,0.0,0.0,0.0,0.0,0.0,0.0,0.0,0.0,0.2,0.2,0.0,0.0,0.0,0.0,0.0,0.0,0.0,0.0,0.0,0.0,0.0,0.0,0.0,0.0,0.2,0.0,0.0,0.2,0.0,0.0,0.0,0.0,0.2,0.0
2025-02-28,10130442.391782492,0.011339319171383984,1.3044239178249262,0.0,0.0,0.0,0.0012383375770265341,0.01010098159435745,6,0.0,0.0,0.0,0.0,0.0,0.0,0.0,0.0,0.0,0.0,0.0,0.0,0.2,0.2,0.0,0.0,0.0,0.0,0.0,0.0,0.0,0.0,0.0,0.0,0.0,0.0,0.0,0.0,0.2,0.0,0.0,0.2,0.0,0.0,0.0,0.0,0.2,0.0
2025-03-31,10128966.841718283,-0.014565504714846609,1.289668417182832,-0.014565504714846118,0.0,0.0,-0.0036847730118193126,-0.010880731703027297,6,0.0,0.0,0.0,0.0,0.0,0.0,0.0,0.0,0.0,0.0,0.0,0.0,0.2,0.2,0.0,0.0,0.0,0.0,0.0,0.0,0.0,0.0,0.0,0.0,0.0,0.0,0.0,0.0,0.2,0.0,0.0,0.2,0.0,0.0,0.0,0.0,0.2,0.0
2025-04-30,10126416.844206484,-0.02517529726028442,1.2641684420648502,-0.03973713506602403,0.0,0.0,-0.0019113952784161818,-0.023263901981868236,6,0.0,0.0,0.0,0.0,0.0,0.0,0.0,0.0,0.0,0.0,0.0,0.0,0.2,0.2,0.0,0.0,0.0,0.0,0.0,0.0,0.0,0.0,0.0,0.0,0.0,0.0,0.0,0.0,0.2,0.0,0.0,0.2,0.0,0.0,0.0,0.0,0.2,0.0
2025-05-31,10127440.090002652,0.010104717314243311,1.2744009000265288,-0.02963643307695543,0.0,0.0,0.00361974517765798,0.006484972136585331,6,0.0,0.0,0.0,0.0,0.0,0.0,0.0,0.0,0.0,0.0,0.0,0.0,0.2,0.2,0.0,0.0,0.0,0.0,0.0,0.0,0.0,0.0,0.0,0.0,0.0,0.0,0.0,0.0,0.2,0.0,0.0,0.2,0.0,0.0,0.0,0.0,0.2,0.0
2025-06-30,10128994.0682306,0.015344235207885502,1.28994068230599,-0.014296745353076292,0.0,0.0,0.0022251620570099668,0.013119073150875534,6,0.0,0.0,0.0,0.0,0.0,0.0,0.0,0.0,0.0,0.0,0.0,0.0,0.2,0.2,0.0,0.0,0.0,0.0,0.0,0.0,0.0,0.0,0.0,0.0,0.0,0.0,0.0,0.0,0.2,0.0,0.0,0.2,0.0,0.0,0.0,0.0,0.2,0.0
2025-07-31,10140778.758210521,0.11634610407054426,1.4077875821052022,0.0,0.0,0.0,0.012514992322968809,0.10383111174757545,6,0.0,0.0,0.0,0.0,0.0,0.0,0.0,0.0,0.0,0.0,0.0,0.0,0.2,0.2,0.0,0.0,0.0,0.0,0.0,0.0,0.0,0.0,0.0,0.0,0.0,0.0,0.0,0.0,0.2,0.0,0.0,0.2,0.0,0.0,0.0,0.0,0.2,0.0
2025-08-31,10171860.781216336,0.306505286693573,1.7186078121633752,0.0,0.0,0.0,0.04096283665613124,0.26554245003744176,6,0.0,0.0,0.0,0.0,0.0,0.0,0.0,0.0,0.0,0.0,0.0,0.0,0.2,0.2,0.0,0.0,0.0,0.0,0.0,0.0,0.0,0.0,0.0,0.0,0.0,0.0,0.0,0.0,0.2,0.0,0.0,0.2,0.0,0.0,0.0,0.0,0.2,0.0
2025-09-30,10191796.583680796,0.19598972983658314,1.9179658368079444,0.0,0.0,0.0,0.02854168890534263,0.1674480409312405,6,0.0,0.0,0.0,0.0,0.0,0.0,0.0,0.0,0.0,0.0,0.0,0.0,0.2,0.2,0.0,0.0,0.0,0.0,0.0,0.0,0.0,0.0,0.0,0.0,0.0,0.0,0.0,0.0,0.2,0.0,0.0,0.2,0.0,0.0,0.0,0.0,0.2,0.0
2025-10-31,10209746.798643863,0.17612414862960574,2.097467986438639,0.0,0.0,0.0,0.0286888047611635,0.14743534386844223,6,0.0,0.0,0.0,0.0,0.0,0.0,0.0,0.0,0.0,0.0,0.0,0.0,0.2,0.2,0.0,0.0,0.0,0.0,0.0,0.0,0.0,0.0,0.0,0.0,0.0,0.0,0.0,0.0,0.2,0.0,0.0,0.2,0.0,0.0,0.0,0.0,0.2,0.0
2025-11-30,10221831.13665343,0.11836080020293592,2.218311366534298,0.0,0.0,0.0,0.020379334381830535,0.09798146582110538,6,0.0,0.0,0.0,0.0,0.0,0.0,0.0,0.0,0.0,0.0,0.0,0.0,0.2,0.2,0.0,0.0,0.0,0.0,0.0,0.0,0.0,0.0,0.0,0.0,0.0,0.0,0.0,0.0,0.2,0.0,0.0,0.2,0.0,0.0,0.0,0.0,0.2,0.0
