Date,Strategy,portfolio_value,return,drawdown,turnover
2018-01-31,1/N Buy & Hold,990050.0,-0.9949999999999999,-0.00995,0.0
2018-02-28,1/N Buy & Hold,929656.95,-6.100000000000001,-0.07034305000000005,0.0
2018-03-31,1/N Buy & Hold,960372.815628,3.3040000000000007,-0.039627184372000045,0.0
2018-04-30,1/N Buy & Hold,1001111.8304669396,4.242,0.0,0.0
2018-05-31,1/N Buy & Hold,1024587.9028913893,2.3449999999999998,0.0,0.0
2018-06-30,1/N Buy & Hold,1030673.9550345642,0.5939999999999999,0.0,0.0
2018-07-31,1/N Buy & Hold,1058265.0968108396,2.677,0.0,0.0
2018-08-31,1/N Buy & Hold,1036560.0796752493,-2.051,-0.020509999999999994,0.0
2018-09-30,1/N Buy & Hold,971339.7194620826,-6.292,-0.0821395108,0.0
2018-10-31,1/N Buy & Hold,947823.5848539056,-2.4210000000000003,-0.10436091324353197,0.0
2018-11-30,1/N Buy & Hold,879362.287319908,-7.223000000000001,-0.16905292447995163,0.0
2018-12-31,1/N Buy & Hold,937452.9600202611,6.606,-0.11416056067109727,0.0
2019-01-31,1/N Buy & Hold,991197.1382182228,5.733,-0.06337538561437121,0.0
2019-02-28,1/N Buy & Hold,1028515.7104721388,3.7649999999999997,-0.028111468882752306,0.0
2019-03-31,1/N Buy & Hold,1051976.1538280083,2.2810000000000006,-0.005942691487967871,0.0
2019-04-30,1/N Buy & Hold,965903.4649218007,-8.181999999999999,-0.08727646047042238,0.0
2019-05-31,1/N Buy & Hold,1025074.7111829103,6.126,-0.03136301643884037,0.0
2019-06-30,1/N Buy & Hold,1050865.5909162723,2.516,-0.006992109932441608,0.0
2019-07-31,1/N Buy & Hold,1033084.9451179688,-1.6920000000000002,-0.023793803432384783,0.0
2019-08-31,1/N Buy & Hold,1044190.608277987,1.0750000000000002,-0.013299586819282928,0.0
2019-09-30,1/N Buy & Hold,1151449.8675603017,10.272,0.0,0.0
2019-10-31,1/N Buy & Hold,1207157.0121528693,4.838,0.0,0.0
2019-11-30,1/N Buy & Hold,1281952.460625861,6.196000000000001,0.0,0.0
2019-12-31,1/N Buy & Hold,1379483.4038302766,7.608,0.0,0.0
2020-01-31,1/N Buy & Hold,1346168.8796277754,-2.4150000000000005,-0.02414999999999999,0.0
2020-02-29,1/N Buy & Hold,1214809.720353697,-9.758000000000003,-0.11937344300000008,0.0
2020-03-31,1/N Buy & Hold,1423829.880837754,17.206,0.0,0.0
2020-04-30,1/N Buy & Hold,1522458.5766833853,6.927,0.0,0.0
2020-05-31,1/N Buy & Hold,1610761.1741310218,5.800000000000001,0.0,0.0
2020-06-30,1/N Buy & Hold,1735852.8869140372,7.766,0.0,0.0
2020-07-31,1/N Buy & Hold,2030027.8756593592,16.947000000000003,0.0,0.0
2020-08-31,1/N Buy & Hold,1910175.0298804305,-5.904,-0.059040000000000016,0.0
2020-09-30,1/N Buy & Hold,1859096.949581428,-2.6740000000000004,-0.08420127039999996,0.0
2020-10-31,1/N Buy & Hold,2272244.0646869084,22.223,0.0,0.0
2020-11-30,1/N Buy & Hold,2313553.4617829164,1.818,0.0,0.0
2020-12-31,1/N Buy & Hold,2436935.2678997996,5.333,0.0,0.0
2021-01-31,1/N Buy & Hold,2336460.426804291,-4.122999999999999,-0.04122999999999992,0.0
2021-02-28,1/N Buy & Hold,2335128.6443610126,-0.05699999999999994,-0.04177649889999993,0.0
2021-03-31,1/N Buy & Hold,2512575.070046006,7.599,0.0,0.0
2021-04-30,1/N Buy & Hold,2453479.3043985236,-2.3520000000000003,-0.023520000000000027,0.0
2021-05-31,1/N Buy & Hold,2666858.399502063,8.697,0.0,0.0
2021-06-30,1/N Buy & Hold,2661257.996863109,-0.21000000000000058,-0.0020999999999999166,0.0
2021-07-31,1/N Buy & Hold,2839402.6071731257,6.694000000000001,0.0,0.0
2021-08-31,1/N Buy & Hold,2699107.7243527016,-4.941000000000001,-0.04941,0.0
2021-09-30,1/N Buy & Hold,3156444.5371670234,16.944000000000003,0.0,0.0
2021-10-31,1/N Buy & Hold,3395418.9530759384,7.571,0.0,0.0
2021-11-30,1/N Buy & Hold,3379630.254944135,-0.4650000000000001,-0.0046500000000000916,0.0
2021-12-31,1/N Buy & Hold,2919223.2253130954,-13.623,-0.1402465305000001,0.0
2022-01-31,1/N Buy & Hold,3134369.9770186706,7.370000000000001,-0.07688269979785008,0.0
2022-02-28,1/N Buy & Hold,3342241.3938945485,6.632,-0.015661560448443593,0.0
2022-03-31,1/N Buy & Hold,2683686.1496415664,-19.704000000000004,-0.20961560657768233,0.0
2022-04-30,1/N Buy & Hold,2489682.477883978,-7.229,-0.2667524943781816,0.0
2022-05-31,1/N Buy & Hold,2261030.039115113,-9.184000000000001,-0.33409394529448944,0.0
2022-06-30,1/N Buy & Hold,2566156.0428936975,13.495000000000001,-0.24422992321198086,0.0
2022-07-31,1/N Buy & Hold,2393145.8024818045,-6.742000000000002,-0.29518394178902907,0.0
2022-08-31,1/N Buy & Hold,2160220.9215262504,-9.732999999999999,-0.3637836887347029,0.0
2022-09-30,1/N Buy & Hold,2160069.7060617437,-0.007000000000000228,-0.36382822387649144,0.0
2022-10-31,1/N Buy & Hold,2197611.717553097,1.738,-0.3527715584074649,0.0
2022-11-30,1/N Buy & Hold,1883858.692638041,-14.277000000000001,-0.44517636301363117,0.0
2022-12-31,1/N Buy & Hold,2240755.721958318,18.945,-0.3400650249865636,0.0
2023-01-31,1/N Buy & Hold,2323618.8685563365,3.6980000000000004,-0.3156606296105667,0.0
2023-02-28,1/N Buy & Hold,2640653.426982163,13.644000000000002,-0.22228936591463241,0.0
2023-03-31,1/N Buy & Hold,2740787.0049333265,3.7920000000000003,-0.19279857867011532,0.0
2023-04-30,1/N Buy & Hold,3548743.606117622,29.479000000000003,0.0,0.0
2023-05-31,1/N Buy & Hold,3889068.1179443025,9.590000000000002,0.0,0.0
2023-06-30,1/N Buy & Hold,4396319.272567778,13.043000000000001,0.0,0.0
2023-07-31,1/N Buy & Hold,4334946.655522732,-1.3960000000000001,-0.01395999999999992,0.0
2023-08-31,1/N Buy & Hold,4131204.1627131635,-4.7,-0.060303879999999956,0.0
2023-09-30,1/N Buy & Hold,3842350.3676562593,-6.991999999999999,-0.1260074327103999,0.0
2023-10-31,1/N Buy & Hold,4413554.173312039,14.866000000000001,0.0,0.0
2023-11-30,1/N Buy & Hold,4431340.796630487,0.40300000000000014,0.0,0.0
2023-12-31,1/N Buy & Hold,4376303.543936336,-1.2420000000000002,-0.012419999999999952,0.0
2024-01-31,1/N Buy & Hold,4809732.646927792,9.904000000000002,0.0,0.0
2024-02-29,1/N Buy & Hold,4804201.454383825,-0.11499999999999985,-0.001149999999999945,0.0
2024-03-31,1/N Buy & Hold,4619287.740404591,-3.849,-0.03959573650000006,0.0
2024-04-30,1/N Buy & Hold,4866789.177535469,5.358000000000001,0.0,0.0
2024-05-31,1/N Buy & Hold,5177290.327062232,6.38,0.0,0.0
2024-06-30,1/N Buy & Hold,5285806.332317458,2.0959999999999996,0.0,0.0
2024-07-31,1/N Buy & Hold,5460343.657410581,3.3020000000000005,0.0,0.0
2024-08-31,1/N Buy & Hold,5983116.959171069,9.574000000000002,0.0,0.0
2024-09-30,1/N Buy & Hold,6472236.770583304,8.174999999999999,0.0,0.0
2024-10-31,1/N Buy & Hold,7861502.39338901,21.465000000000003,0.0,0.0
2024-11-30,1/N Buy & Hold,8249388.921478823,4.934,0.0,0.0
2024-12-31,1/N Buy & Hold,8324128.385107421,0.9059999999999999,0.0,0.0
2025-01-31,1/N Buy & Hold,7489218.308081146,-10.030000000000001,-0.10030000000000007,0.0
2025-02-28,1/N Buy & Hold,6953514.522504102,-7.1530000000000005,-0.16465554100000002,0.0
2025-03-31,1/N Buy & Hold,7290759.976845551,4.85,-0.12414133473850003,0.0
2025-04-30,1/N Buy & Hold,8216394.863505863,12.696,-0.012942318596899966,0.0
2025-05-31,1/N Buy & Hold,8654493.037627995,5.332,0.0,0.0
2025-06-30,1/N Buy & Hold,9059696.401649738,4.682000000000002,0.0,0.0
2025-07-31,1/N Buy & Hold,9493927.65018081,4.793000000000001,0.0,0.0
2025-08-31,1/N Buy & Hold,10769152.012153095,13.432000000000002,0.0,0.0
2025-09-30,1/N Buy & Hold,11030519.33148805,2.427,0.0,0.0
2025-10-31,1/N Buy & Hold,10350156.899121867,-6.168,-0.061680000000000006,0.0
2018-01-31,DDPG (monthly),981118.9983102639,-1.888100168973615,-0.018881001689736148,0.0
2018-02-28,DDPG (monthly),937996.1806772344,-4.395268841730503,-0.06200381932276557,0.19938169419765472
2018-03-31,DDPG (monthly),911271.2538084675,-2.8491509261233294,-0.08872874619153247,0.0028410819359123707
2018-04-30,DDPG (monthly),1012176.8667054084,11.073060021944839,0.0,0.001346989069133997
2018-05-31,DDPG (monthly),951229.3679550331,-6.021427751926093,-0.06021427751926084,0.00018142748740501702
2018-06-30,DDPG (monthly),982821.9906422648,3.321241306410666,-0.029001725912480535,0.0011116373352706432
2018-07-31,DDPG (monthly),1098394.3742591953,11.75923867366917,0.0,0.009401088580489159
2018-08-31,DDPG (monthly),1105824.0105358192,0.6764088064120733,0.0,0.005383828189224005
2018-09-30,DDPG (monthly),815574.1258186091,-26.247384932126003,-0.26247384932126006,0.013306246139109135
2018-10-31,DDPG (monthly),633278.7501315575,-22.351785069698963,-0.42732410935379606,0.0024085023906081915
2018-11-30,DDPG (monthly),529193.1534974744,-16.435984408518415,-0.5214490294517501,0.004681271966546774
2018-12-31,DDPG (monthly),569580.1763439651,7.631811292260681,-0.4849269224422256,0.002514804946258664
2019-01-31,DDPG (monthly),668023.3443540318,17.28346106459605,-0.3959044676283111,0.0008751298300921917
2019-02-28,DDPG (monthly),694785.4281723045,4.0061599709739655,-0.3717034342239945,0.4259786307811737
2019-03-31,DDPG (monthly),685242.6664786624,-1.373483280837536,-0.3803329825090044,0.2866641581058502
2019-04-30,DDPG (monthly),515336.77108562615,-24.7949965325644,-0.533979398009342,0.13722188770771027
2019-05-31,DDPG (monthly),608331.3427426426,18.045398053220772,-0.4498841253701121,0.004547306336462498
2019-06-30,DDPG (monthly),617717.6260522775,1.5429557299015868,-0.4413960809614119,0.0005879395175725222
2019-07-31,DDPG (monthly),626937.7041323917,1.4926040137527161,-0.4330583364448621,0.03125174343585968
2019-08-31,DDPG (monthly),653527.8975946899,4.241281595768086,-0.40901274400975657,0.02941492758691311
2019-09-30,DDPG (monthly),759618.9247165711,16.233588116490424,-0.3130743070513516,0.0017122303834185004
2019-10-31,DDPG (monthly),811575.584974827,6.839832259003015,-0.2660897419096699,0.0021449297200888395
2019-11-30,DDPG (monthly),881047.0389055108,8.560071941153655,-0.20326649583363118,0.003806269960477948
2019-12-31,DDPG (monthly),885672.9759652802,0.5250499525560007,-0.19908324694800794,0.0006578807951882482
2020-01-31,DDPG (monthly),974712.517308644,10.053320329246928,-0.11856452019308755,0.0037103351205587387
2020-02-29,DDPG (monthly),928819.2671564756,-4.708388302931415,-0.16006592522220353,0.0018119442975148559
2020-03-31,DDPG (monthly),1034582.7984784612,11.386879564393023,-0.0644236437069571,0.011261554434895515
2020-04-30,DDPG (monthly),1224226.7374053814,18.330474777448977,0.0,0.027973037213087082
2020-05-31,DDPG (monthly),1328384.9265863393,8.508079916773422,0.0,0.01157877966761589
2020-06-30,DDPG (monthly),1604722.9358452167,20.80255532325304,0.0,0.5268107652664185
2020-07-31,DDPG (monthly),2023882.7041104888,26.120382459947724,0.0,0.5760544538497925
2020-08-31,DDPG (monthly),1997219.8360322535,-1.3174117266817487,-0.01317411726681751,0.1642168164253235
2020-09-30,DDPG (monthly),1837358.9488995327,-8.004170810275246,-0.09216134652078795,0.15062600374221802
2020-10-31,DDPG (monthly),1911324.9805561367,4.025671287633013,-0.05561474650964123,0.016686391085386276
2020-11-30,DDPG (monthly),2092951.0926933696,9.50262848991726,0.0,0.4878346920013428
2020-12-31,DDPG (monthly),2114069.6953907143,1.0090346960839813,0.0,0.4844648241996765
2021-01-31,DDPG (monthly),1757389.1671743582,-16.87174878832156,-0.1687174878832156,0.7883466482162476
2021-02-28,DDPG (monthly),1743855.7571668494,-0.7700861175369937,-0.17511907910653973,0.6537606120109558
2021-03-31,DDPG (monthly),1960751.589917811,12.437716356961827,-0.07252272988311653,0.17145229876041412
2021-04-30,DDPG (monthly),2077480.7831550322,5.953288210370084,-0.017307334907385778,0.001685297698713839
2021-05-31,DDPG (monthly),2554516.3832117296,22.96221480962304,0.0,0.0011059630196541548
2021-06-30,DDPG (monthly),2490409.469614637,-2.509551867367263,-0.02509551867367258,0.00036259449552744627
2021-07-31,DDPG (monthly),2822776.976137081,13.345897956847802,0.0,0.0009904068429023027
2021-08-31,DDPG (monthly),2612825.850115245,-7.437751115185529,-0.07437751115185523,0.001341647352091968
2021-09-30,DDPG (monthly),3224904.019621065,23.425907604168206,0.0,0.0009039344731718302
2021-10-31,DDPG (monthly),4077449.2220335137,26.436296932416152,0.0,0.05312715470790863
2021-11-30,DDPG (monthly),3823077.301898369,-6.238506141550024,-0.062385061415500286,0.004423978738486767
2021-12-31,DDPG (monthly),3165029.109022768,-17.212526478312213,-0.2237722809839681,0.05418316274881363
2022-01-31,DDPG (monthly),3516288.32390784,11.098135365760536,-0.13762547798101343,0.0021018751431256533
2022-02-28,DDPG (monthly),3962410.4942533243,12.687303464628421,-0.02821340537082569,0.002389362780377269
2022-03-31,DDPG (monthly),2656287.982772205,-32.96282687963264,-0.34854173819791784,0.0016652093036100268
2022-04-30,DDPG (monthly),2673532.8996253475,0.6492111158499029,-0.3443123987471761,0.002079006750136614
2022-05-31,DDPG (monthly),2171441.4379720343,-18.780074175398145,-0.46745101662134525,0.00037779370904900134
2022-06-30,DDPG (monthly),2537662.1334516024,16.865326832004794,-0.3776348900340163,0.0003153958823531866
2022-07-31,DDPG (monthly),2068851.431579362,-18.47411819297581,-0.492611356040976,0.002669193549081683
2022-08-31,DDPG (monthly),1664941.987059685,-19.523366364269677,-0.5916706998917961,0.0025465323124080896
2022-09-30,DDPG (monthly),1850642.575625828,11.15357712217308,-0.546127376491798,0.00044257991248741746
2022-10-31,DDPG (monthly),2319104.229026988,25.31345920444641,-0.4312365150998987,0.00149391102604568
2022-11-30,DDPG (monthly),2001161.7118612723,-13.709712275377678,-0.5092123524071137,0.0013083622325211763
2022-12-31,DDPG (monthly),2677119.8903310983,33.778288604228806,-0.34343268436928326,0.002968340879306197
2023-01-31,DDPG (monthly),3051569.132719427,13.987018054018408,-0.2515984953952309,0.0035526882857084274
2023-02-28,DDPG (monthly),3635685.5265018656,19.141509445728953,-0.10834315069933129,0.0027533690445125103
2023-03-31,DDPG (monthly),3738555.8008503555,2.829460182918192,-0.083114075180106,0.00037522651837207377
2023-04-30,DDPG (monthly),4892264.831528803,30.85975152266099,0.0,0.0007735135150142014
2023-05-31,DDPG (monthly),5471536.009306752,11.840552335694593,0.0,0.0019332861993461847
2023-06-30,DDPG (monthly),6262598.630162069,14.45777967118862,0.0,0.00109478912781924
2023-07-31,DDPG (monthly),6978645.5496268645,11.433702872417125,0.0,0.002776497509330511
2023-08-31,DDPG (monthly),6165117.6157684475,-11.657390077676537,-0.11657390077676531,0.0013184506678953767
2023-09-30,DDPG (monthly),5613911.874076839,-8.940717372233046,-0.19555853150085775,0.002226079348474741
2023-10-31,DDPG (monthly),6438588.632947325,14.689877172432423,-0.07738706785422217,0.00015110717504285276
2023-11-30,DDPG (monthly),6623903.966347374,2.8781980642738927,-0.050832440300461725,0.00035375775769352913
2023-12-31,DDPG (monthly),8226110.501096143,24.188251262227713,0.0,0.00030872918432578444
2024-01-31,DDPG (monthly),10365054.041508405,26.001881935906933,0.0,0.00015935090777929872
2024-02-29,DDPG (monthly),12055128.13834216,16.305502026961,0.0,0.0005254549905657768
2024-03-31,DDPG (monthly),11528297.388841778,-4.370179590416482,-0.04370179590416475,0.0005241630133241415
2024-04-30,DDPG (monthly),15205273.4349608,31.8952220097823,0.0,0.0014544764999300241
2024-05-31,DDPG (monthly),16361440.28593402,7.6037228525920355,0.0,0.001065208693034947
2024-06-30,DDPG (monthly),15407511.011341456,-5.830350249865587,-0.05830350249865591,0.0003623089287430048
2024-07-31,DDPG (monthly),16834672.70896307,9.262766040349272,0.0,0.0013355445116758347
2024-08-31,DDPG (monthly),17393319.279946882,3.3184284639307586,0.0,0.0013185954885557294
2024-09-30,DDPG (monthly),19424253.095086165,11.676516612218984,0.0,0.00038504949770867825
2024-10-31,DDPG (monthly),19304377.62695122,-0.6171432566705334,-0.006171432566705425,0.0025415897835046053
2024-11-30,DDPG (monthly),18764347.087343544,-2.7974511794347197,-0.03397330154792723,0.0012609034311026335
2024-12-31,DDPG (monthly),16402650.582266377,-12.586084099191066,-0.15555823423574391,0.0025493463035672903
2025-01-31,DDPG (monthly),16554782.251532681,0.9274822291878809,-0.14772618692244005,0.003405948169529438
2025-02-28,DDPG (monthly),14366338.201916628,-13.219407035169207,-0.26039173132731985,0.0005565419560298324
2025-03-31,DDPG (monthly),14441240.076611372,0.5213706766610267,-0.2565356306923002,0.0010062908986583352
2025-04-30,DDPG (monthly),17911985.98750754,24.033572549751405,-0.07785458211318244,0.00159319001249969
2025-05-31,DDPG (monthly),20320039.243796874,13.44380940208859,0.0,0.0016476345481351018
2025-06-30,DDPG (monthly),23570025.80307489,15.993997453868797,0.0,0.0011119990376755595
2025-07-31,DDPG (monthly),23088335.766991004,-2.0436551071617575,-0.020436551071617598,0.00037351311766542494
2025-08-31,DDPG (monthly),24755646.546546265,7.221442014625354,0.0,0.0018459688872098923
2025-09-30,DDPG (monthly),26533381.493623316,7.181129136476011,0.0,0.0016203506384044886
2025-10-31,DDPG (monthly),23811219.786676843,-10.259384796471132,-0.10259384796471124,0.018333323299884796
2018-01-31,DDPG (quarterly),981118.9983102639,-1.888100168973615,-0.018881001689736148,0.0
2018-02-28,DDPG (quarterly),903089.2602733991,-7.953136996761023,-0.09691073972660094,0.0
2018-03-31,DDPG (quarterly),901475.5788389025,-0.17868460023630198,-0.09852442116109747,0.0
2018-04-30,DDPG (quarterly),1001296.5107669089,11.073060021944839,0.0,0.20356009900569916
2018-05-31,DDPG (quarterly),941041.4126845724,-6.0177077852978975,-0.06017707785297898,0.0
2018-06-30,DDPG (quarterly),972435.6195755884,3.33611321115568,-0.028823521185762927,0.0
2018-07-31,DDPG (quarterly),1086786.6450292554,11.75923867366917,0.0,0.010407787747681141
2018-08-31,DDPG (quarterly),1094928.486884421,0.7491665353457211,0.0,0.0
2018-09-30,DDPG (quarterly),810791.5391063875,-25.950274486558918,-0.2595027448655891,0.0
2018-10-31,DDPG (quarterly),629565.1569220236,-22.351785069698963,-0.425017099780253,0.01030702330172062
2018-11-30,DDPG (quarterly),525735.945869526,-16.492210521961535,-0.5198444901497736,0.0
2018-12-31,DDPG (quarterly),566024.4189321903,7.663252509019585,-0.4830489609939804,0.0
2019-01-31,DDPG (quarterly),663853.0289944414,17.28346106459605,-0.39370192944435034,0.0030241329222917557
2019-02-28,DDPG (quarterly),771834.5104089887,16.265871615907233,-0.2950822636780457,0.0
2019-03-31,DDPG (quarterly),777582.1544658929,0.7446731105426445,-0.28983293084421013,0.0
2019-04-30,DDPG (quarterly),584780.6862282351,-24.7949965325644,-0.46591883101680254,0.002094612456858158
2019-05-31,DDPG (quarterly),690275.3300010163,18.040035564992575,-0.36957039818630577,0.0
2019-06-30,DDPG (quarterly),701046.2261796929,1.5603768106069766,-0.35973332087240295,0.0
2019-07-31,DDPG (quarterly),711510.0702899129,1.4926040137527161,-0.3501766747210233,0.02729237638413906
2019-08-31,DDPG (quarterly),742537.9662406022,4.360851272006112,-0.32183884597480256,0.0
2019-09-30,DDPG (quarterly),865658.4503705873,16.58103554668487,-0.20939270396207627,0.0
2019-10-31,DDPG (quarterly),924868.0363118204,6.839832259003015,-0.15531649108564285,0.029818551614880562
2019-11-30,DDPG (quarterly),1004584.1313289688,8.619185860832587,-0.08251164951651202,0.0
2019-12-31,DDPG (quarterly),1011448.1181392362,0.6832664976687375,-0.07624275899764475,0.0
2020-01-31,DDPG (quarterly),1113132.2374199135,10.053320329246928,0.0,0.0006062458851374686
2020-02-29,DDPG (quarterly),1060279.9779166488,-4.748066557282435,-0.0474806655728244,0.0
2020-03-31,DDPG (quarterly),1177357.8182854264,11.042162712420977,0.0,0.0
2020-04-30,DDPG (quarterly),1393173.09620656,18.330474777448977,0.0,0.037422649562358856
2020-05-31,DDPG (quarterly),1509850.0159678087,8.374904746506072,0.0,0.0
2020-06-30,DDPG (quarterly),1691272.661878317,12.015938271472407,0.0,0.0
2020-07-31,DDPG (quarterly),2133039.5496014715,26.120382459947724,0.0,0.03771178051829338
2020-08-31,DDPG (quarterly),2157242.7089696187,1.1346793533513848,0.0,0.0
2020-09-30,DDPG (quarterly),1985924.8264552874,-7.94152098889972,-0.07941520988899724,0.0
2020-10-31,DDPG (quarterly),2065871.6319878735,4.025671287633013,-0.04235549231518205,0.03027721866965294
2020-11-30,DDPG (quarterly),2029639.3559623118,-1.7538493420666783,-0.05915113421254998,0.0
2020-12-31,DDPG (quarterly),2048628.2737712825,0.9355808830366004,-0.050348732085975866,0.0
2021-01-31,DDPG (quarterly),1702988.8578140633,-16.87174878832156,-0.21057150837354055,0.7921627759933472
2021-02-28,DDPG (quarterly),1664176.111746023,-2.2790957139825334,-0.22856333929115613,0.0
2021-03-31,DDPG (quarterly),1785644.036598338,7.298982601359022,-0.17225631164551267,0.0
2021-04-30,DDPG (quarterly),1891948.5725083235,5.953288210370084,-0.12297834423462244,0.8228093981742859
2021-05-31,DDPG (quarterly),2326093.2474458367,22.9469596185656,0.0,0.0
2021-06-30,DDPG (quarterly),2267849.7648438504,-2.5039186484007225,-0.025039186484007225,0.0
2021-07-31,DDPG (quarterly),2570514.6802745233,13.345897956847802,0.0,0.002390826353803277
2021-08-31,DDPG (quarterly),2378967.1881116396,-7.451717495829543,-0.07451717495829553,0.0
2021-09-30,DDPG (quarterly),2936041.7508692015,23.41665599851138,0.0,0.0
2021-10-31,DDPG (quarterly),3712222.466188694,26.436296932416152,0.0,0.05352410301566124
2021-11-30,DDPG (quarterly),3480011.266928663,-6.255314744065982,-0.06255314744065973,0.0
2021-12-31,DDPG (quarterly),2889301.1966911694,-16.974372349053738,-0.22167886676856693,0.0
2022-01-31,DDPG (quarterly),3209959.754624495,11.098135365760536,-0.135299733822221,0.051875896751880646
2022-02-28,DDPG (quarterly),3616594.523957819,12.667908647374716,-0.025760294029214,0.0
2022-03-31,DDPG (quarterly),2424100.31400919,-32.972847855878065,-0.34699487003051505,0.0
2022-04-30,DDPG (quarterly),2439837.84270709,0.6492111158499029,-0.34275548813968304,0.0013424304779618979
2022-05-31,DDPG (quarterly),1981555.6599122346,-18.783304971053912,-0.466207729207921,0.0
2022-06-30,DDPG (quarterly),2315739.536657175,16.86472318217606,-0.37618514037098527,0.0
2022-07-31,DDPG (quarterly),1887927.0776136583,-18.47411819297581,-0.49142943484419555,0.0027339078951627016
2022-08-31,DDPG (quarterly),1520069.642796202,-19.48472688269445,-0.5905230204705797,0.0
2022-09-30,DDPG (quarterly),1688568.2789224982,11.084928702104664,-0.5451327892382117,0.0
2022-10-31,DDPG (quarterly),2116003.3213467677,25.31345920444641,-0.42999016340762314,0.0014957186067476869
2022-11-30,DDPG (quarterly),1826456.718822982,-13.683655389515117,-0.5079883451332622,0.0
2022-12-31,DDPG (quarterly),2443531.748287787,33.785362834245824,-0.34176042234975756,0.0
2023-01-31,DDPG (quarterly),2785308.9750764715,13.987018054018408,-0.2496923337851237,0.0018927096389234066
2023-02-28,DDPG (quarterly),3317725.210365281,19.115158858603536,-0.10626983145986932,0.0
2023-03-31,DDPG (quarterly),3410048.5980993602,2.7827315971087954,-0.08139971966700932,0.0
2023-04-30,DDPG (quarterly),4462381.122274807,30.85975152266099,0.0,0.0037871687673032284
2023-05-31,DDPG (quarterly),4989959.532213069,11.822800327492333,0.0,0.0
2023-06-30,DDPG (quarterly),5711721.2760694185,14.464280505622556,0.0,0.0
2023-07-31,DDPG (quarterly),6364782.515675827,11.433702872417125,0.0,0.003614994464442134
2023-08-31,DDPG (quarterly),5623570.474642727,-11.645520317584596,-0.11645520317584596,0.0
2023-09-30,DDPG (quarterly),5119168.580840051,-8.969424248830473,-0.19570408443147153,0.0
2023-10-31,DDPG (quarterly),5871168.157615206,14.689877172432423,-0.07755400233156398,0.003444755682721734
2023-11-30,DDPG (quarterly),6040177.398688404,2.8786305644130334,-0.05100018990247552,0.0
2023-12-31,DDPG (quarterly),7501263.996916311,24.189465007189607,0.0,0.0
2024-01-31,DDPG (quarterly),9451733.805095183,26.001881935906933,0.0,7.319432916119695e-05
2024-02-29,DDPG (quarterly),10994150.858804088,16.3188795359157,0.0,0.0
2024-03-31,DDPG (quarterly),10512921.810532006,-4.377137029065925,-0.0437713702906592,0.0
2024-04-30,DDPG (quarterly),13866041.561716013,31.8952220097823,0.0,0.002433589892461896
2024-05-31,DDPG (quarterly),14921000.671092698,7.608221168825984,0.0,0.0
2024-06-30,DDPG (quarterly),14054449.837753244,-5.807591946686736,-0.058075919466867444,0.0
2024-07-31,DDPG (quarterly),15356280.644482575,9.262766040349272,0.0,7.24128185538575e-05
2024-08-31,DDPG (quarterly),15870226.031421669,3.3468090277690496,0.0,0.0
2024-09-30,DDPG (quarterly),17721521.48397676,11.665211628931354,0.0,0.0
2024-10-31,DDPG (quarterly),17612154.309158977,-0.6171432566705334,-0.006171432566705305,0.0015457781264558434
2024-11-30,DDPG (quarterly),17123737.826128583,-2.7731785360090724,-0.03373207308349189,0.0
2024-12-31,DDPG (quarterly),14965260.914860414,-12.605173783813806,-0.15553182448857275,0.0
2025-01-31,DDPG (quarterly),15104061.050397344,0.9274822291878809,-0.14769953222955717,0.002125821076333523
2025-02-28,DDPG (quarterly),13107639.515203016,-13.217779831085936,-0.2603547315587699,0.0
2025-03-31,DDPG (quarterly),13175232.540510029,0.5156765657814686,-0.2565405542395071,0.0
2025-04-30,DDPG (quarterly),16341711.611731961,24.033572549751405,-0.07786068896467938,0.0021428950130939484
2025-05-31,DDPG (quarterly),18532173.198087387,13.40411358613659,0.0,0.0
2025-06-30,DDPG (quarterly),21489318.598130755,15.956819356450652,0.0,0.0
2025-07-31,DDPG (quarterly),21050151.041105796,-2.0436551071617575,-0.020436551071617525,0.002346885157749057
2025-08-31,DDPG (quarterly),22560904.897858854,7.176926444864584,0.0,0.0
2025-09-30,DDPG (quarterly),24181686.678912856,7.184028248830655,0.0,0.0
2025-10-31,DDPG (quarterly),21700794.392246187,-10.259384796471132,-0.10259384796471126,0.01878979429602623
2018-01-31,DDPG (semiannual),981118.9983102639,-1.888100168973615,-0.018881001689736148,0.0
2018-02-28,DDPG (semiannual),903089.2602733991,-7.953136996761023,-0.09691073972660094,0.0
2018-03-31,DDPG (semiannual),901475.5788389025,-0.17868460023630198,-0.09852442116109747,0.0
2018-04-30,DDPG (semiannual),971957.5007285441,7.81850596334756,-0.02804249927145592,0.0
2018-05-31,DDPG (semiannual),965273.5271684768,-0.6876816687002425,-0.034726472831523164,0.0
2018-06-30,DDPG (semiannual),965649.6973127455,0.03897031604836204,-0.0343503026872545,0.0
2018-07-31,DDPG (semiannual),1079202.749971315,11.75923867366917,0.0,0.1931523084640503
2018-08-31,DDPG (semiannual),1087287.7758226309,0.7491665353457211,0.0,0.0
2018-09-30,DDPG (semiannual),805133.6135378568,-25.950274486558918,-0.2595027448655891,0.0
2018-10-31,DDPG (semiannual),627335.3082721725,-22.08308065594436,-0.42302735097197525,0.0
2018-11-30,DDPG (semiannual),524654.7268569481,-16.367735094973465,-0.5174647057353333,0.0
2018-12-31,DDPG (semiannual),564069.9458809136,7.512601527501828,-0.4812137518476706,0.0
2019-01-31,DDPG (semiannual),661560.7553543292,17.28346106459605,-0.39154953263978426,0.007333674933761358
2019-02-28,DDPG (semiannual),769169.3784814907,16.265871615907233,-0.2925797607725839,0.0
2019-03-31,DDPG (semiannual),774897.1760175703,0.7446731105426445,-0.2873117924725209,0.0
2019-04-30,DDPG (semiannual),582673.6067715824,-24.806332400626708,-0.46410359821185565,0.0
2019-05-31,DDPG (semiannual),687796.7230025026,18.041509862335367,-0.3674197960313473,0.0
2019-06-30,DDPG (semiannual),698465.5469161501,1.551159456979367,-0.3576074683745081,0.0
2019-07-31,DDPG (semiannual),708890.8717041004,1.4926040137527161,-0.3480190916634184,0.02938496135175228
2019-08-31,DDPG (semiannual),739804.5482999439,4.360851272006112,-0.3195871739289855,0.0
2019-09-30,DDPG (semiannual),862471.803429549,16.58103554668487,-0.20676768137394758,0.0
2019-10-31,DDPG (semiannual),920919.4364918069,6.776758710237917,-0.15301224112903447,0.0
2019-11-30,DDPG (semiannual),1005058.5834964287,9.136428624543477,-0.07562780908116842,0.0
2019-12-31,DDPG (semiannual),1027820.8166934971,2.2647668077101115,-0.05469293452153606,0.0
2020-01-31,DDPG (semiannual),1131150.9358063764,10.053320329246928,0.0,0.029270973056554794
2020-02-29,DDPG (semiannual),1077443.1365109666,-4.748066557282435,-0.04748066557282431,0.0
2020-03-31,DDPG (semiannual),1196416.1607783197,11.042162712420977,0.0,0.0
2020-04-30,DDPG (semiannual),1422215.9175620205,18.873011263639928,0.0,0.0
2020-05-31,DDPG (semiannual),1535163.3145040628,7.941649052533321,0.0,0.0
2020-06-30,DDPG (semiannual),1710731.9597206598,11.436479986060295,0.0,0.0
2020-07-31,DDPG (semiannual),2157581.690464255,26.120382459947724,0.0,0.0008488243911415339
2020-08-31,DDPG (semiannual),2182063.3244376425,1.1346793533513848,0.0,0.0
2020-09-30,DDPG (semiannual),2008774.307536344,-7.94152098889972,-0.07941520988899722,0.0
2020-10-31,DDPG (semiannual),2069628.3903182163,3.0294136356466335,-0.05152688872968557,0.0
2020-11-30,DDPG (semiannual),2020114.5097198004,-2.3924043963661825,-0.07421820114206777,0.0
2020-12-31,DDPG (semiannual),2028591.9757430593,0.41965274653834056,-0.07033313239620832,0.0
2021-01-31,DDPG (semiannual),1686333.0336556414,-16.87174878832156,-0.227184190866578,0.8216468095779419
2021-02-28,DDPG (semiannual),1647899.889762124,-2.2790957139825334,-0.24479740284951726,0.0
2021-03-31,DDPG (semiannual),1768179.8160036758,7.298982601359022,-0.18967529667849214,0.0
2021-04-30,DDPG (semiannual),1675221.0288173375,-5.25731525408075,-0.23227662091379842,0.0
2021-05-31,DDPG (semiannual),1865478.9377905934,11.357182467293459,-0.14508487590690736,0.0
2021-06-30,DDPG (semiannual),1874295.0755211595,0.47259379626164455,-0.1410446000671408,0.0
2021-07-31,DDPG (semiannual),2124436.5837104367,13.345897956847802,-0.026409288897267555,0.8252002000808716
2021-08-31,DDPG (semiannual),1966129.5711142826,-7.451717495829543,-0.09895851825428116,0.0
2021-09-30,DDPG (semiannual),2426531.3692671214,23.41665599851138,0.0,0.0
2021-10-31,DDPG (semiannual),3100384.372160061,27.770216013999487,0.0,0.0
2021-11-30,DDPG (semiannual),2901093.0743534686,-6.427954533513039,-0.06427954533513032,0.0
2021-12-31,DDPG (semiannual),2401207.9784900444,-17.230922381724266,-0.22551281058835135,0.0
2022-01-31,DDPG (semiannual),2667697.290356312,11.098135365760536,-0.13955917391697228,0.0016969672869890928
2022-02-28,DDPG (semiannual),3005638.74608714,12.667908647374716,-0.030559316104058053,0.0
2022-03-31,DDPG (semiannual),2014594.055242506,-32.972847855878065,-0.35021151785805077,0.0
2022-04-30,DDPG (semiannual),2027350.6524397086,0.6332093140057986,-0.3460969966677911,0.0
2022-05-31,DDPG (semiannual),1646779.9154590075,-18.771826004678733,-0.4688465306926819,0.0
2022-06-30,DDPG (semiannual),1924690.2634681785,16.875986001548302,-0.3792091455656408,0.0
2022-07-31,DDPG (semiannual),1569120.7093463696,-18.47411819297581,-0.49389478174502877,0.0014146828325465322
2022-08-31,DDPG (semiannual),1263381.8246704317,-19.48472688269445,-0.5925080012610745,0.0
2022-09-30,DDPG (semiannual),1403426.799170498,11.084928702104664,-0.5473378037340834,0.0
2022-10-31,DDPG (semiannual),1757892.0746139688,25.2571260327207,-0.4330083423207193,0.0
2022-11-30,DDPG (semiannual),1516845.8088701272,-13.712233488325804,-0.5107555622810311,0.0
2022-12-31,DDPG (semiannual),2029393.7135043887,33.79037616328649,-0.3454380264178357,0.0
2023-01-31,DDPG (semiannual),2313245.378599362,13.987018054018408,-0.25388432499815927,0.0004110205627512187
2023-02-28,DDPG (semiannual),2755425.9075079346,19.115158858603536,-0.11126312845261539,0.0
2023-03-31,DDPG (semiannual),2832102.01487108,2.7827315971087954,-0.08653196671291004,0.0
2023-04-30,DDPG (semiannual),3705558.7470075116,30.8412877625876,0.0,0.0
2023-05-31,DDPG (semiannual),4145471.7620720044,11.871705324325303,0.0,0.0
2023-06-30,DDPG (semiannual),4743653.230286215,14.429756190528861,0.0,0.0
2023-07-31,DDPG (semiannual),5286028.445934958,11.433702872417125,0.0,0.0003554753784555942
2023-08-31,DDPG (semiannual),4670442.929270301,-11.645520317584596,-0.11645520317584597,0.0
2023-09-30,DDPG (semiannual),4251531.088644543,-8.969424248830473,-0.1957040844314715,0.0
2023-10-31,DDPG (semiannual),4876535.038569361,14.700679282203708,-0.07746712140387818,0.0
2023-11-30,DDPG (semiannual),5016717.933323399,2.8746413928190298,-0.05094760941338915,0.0
2023-12-31,DDPG (semiannual),6222739.918794786,24.040059686442035,0.0,0.0
2024-01-31,DDPG (semiannual),7840769.405658357,26.001881935906933,0.0,0.003468472044914961
2024-02-29,DDPG (semiannual),9120295.119656678,16.3188795359157,0.0,0.0
2024-03-31,DDPG (semiannual),8721087.304814093,-4.377137029065925,-0.04377137029065931,0.0
2024-04-30,DDPG (semiannual),11509622.778080763,31.974630866582228,0.0,0.0
2024-05-31,DDPG (semiannual),12384273.78236998,7.599302089682096,0.0,0.0
2024-06-30,DDPG (semiannual),11660349.869649157,-5.845509599048019,-0.058455095990480134,0.0
2024-07-31,DDPG (semiannual),12740420.79756093,9.262766040349272,0.0,0.0023762995842844248
2024-08-31,DDPG (semiannual),13166818.350989465,3.3468090277690496,0.0,0.0
2024-09-30,DDPG (semiannual),14702755.576429354,11.665211628931354,0.0,0.0
2024-10-31,DDPG (semiannual),14604766.286736451,-0.6664688750589994,-0.006664688750589989,0.0
2024-11-30,DDPG (semiannual),14195866.828632263,-2.79976721349889,-0.034475765115058205,0.0
2024-12-31,DDPG (semiannual),12404015.246162081,-12.622347082434718,-0.15634758520725778,0.0
2025-01-31,DDPG (semiannual),12519060.28327599,0.9274822291878809,-0.14852285898394066,0.0008227333310060203
2025-02-28,DDPG (semiannual),10864318.458111646,-13.217779831085936,-0.26106923279546856,0.0
2025-03-31,DDPG (semiannual),10920343.202431997,0.5156765657814686,-0.2572587399916456,0.0
2025-04-30,DDPG (semiannual),13545267.095843328,24.037009137466956,-0.07872595545570026,0.0
2025-05-31,DDPG (semiannual),15367907.28684108,13.455919164244985,0.0,0.0
2025-06-30,DDPG (semiannual),17824553.75356624,15.985562776193257,0.0,0.0
2025-07-31,DDPG (semiannual),17460281.35045269,-2.0436551071617575,-0.02043655107161749,0.0003008951898664236
2025-08-31,DDPG (semiannual),18713392.90004109,7.176926444864584,0.0,0.0
2025-09-30,DDPG (semiannual),20057768.332294714,7.184028248830655,0.0,0.0
2025-10-31,DDPG (semiannual),17987937.373180512,-10.319348218722808,-0.10319348218722804,0.0
2018-01-31,DDPG (annual),981118.9983102639,-1.888100168973615,-0.018881001689736148,0.0
2018-02-28,DDPG (annual),903089.2602733991,-7.953136996761023,-0.09691073972660094,0.0
2018-03-31,DDPG (annual),901475.5788389025,-0.17868460023630198,-0.09852442116109747,0.0
2018-04-30,DDPG (annual),971957.5007285441,7.81850596334756,-0.02804249927145592,0.0
2018-05-31,DDPG (annual),965273.5271684768,-0.6876816687002425,-0.034726472831523164,0.0
2018-06-30,DDPG (annual),965649.6973127455,0.03897031604836204,-0.0343503026872545,0.0
2018-07-31,DDPG (annual),1031610.8720085827,6.830756005971635,0.0,0.0
2018-08-31,DDPG (annual),1011575.6746402847,-1.9421273962815755,-0.01942127396281577,0.0
2018-09-30,DDPG (annual),823730.5278813932,-18.569559496939185,-0.2015104239086189,0.0
2018-10-31,DDPG (annual),683553.1810690904,-17.01737911460368,-0.337392422262681,0.0
2018-11-30,DDPG (annual),587729.909397447,-14.018407685818092,-0.4302794538670224,0.0
2018-12-31,DDPG (annual),614664.1856717335,4.582764266991289,-0.4041705042571327,0.0
2019-01-31,DDPG (annual),720899.4308803239,17.28346106459605,-0.3011905453490353,0.20043519139289856
2019-02-28,DDPG (annual),838160.0067871234,16.265871615907233,-0.18752309661568772,0.0
2019-03-31,DDPG (annual),844401.5589809895,0.7446731105426445,-0.1814727995868152,0.0
2019-04-30,DDPG (annual),634936.5014640912,-24.806332400626708,-0.3845193777108538,0.0
2019-05-31,DDPG (annual),749488.6329953024,18.041509862335367,-0.27347738053979437,0.0
2019-06-30,DDPG (annual),761114.3968049944,1.551159456979367,-0.26220785622094317,0.0
2019-07-31,DDPG (annual),773622.6732559967,1.6434160887652978,-0.2500828614284318,0.0
2019-08-31,DDPG (annual),806430.1615485437,4.240760958371102,-0.21828066819575506,0.0
2019-09-30,DDPG (annual),937173.107494717,16.21255654613844,-0.09154397949489622,0.0
2019-10-31,DDPG (annual),1001266.7530950899,6.839040203758122,-0.029414307019091125,0.0
2019-11-30,DDPG (annual),1087637.8792423934,8.626185367716973,0.0,0.0
2019-12-31,DDPG (annual),1095305.1275485735,0.7049449501998606,0.0,0.0
2020-01-31,DDPG (annual),1205419.6606036983,10.053320329246928,0.0,0.00016138964565470815
2020-02-29,DDPG (annual),1148185.5328236667,-4.748066557282435,-0.04748066557282436,0.0
2020-03-31,DDPG (annual),1274970.0475985338,11.042162712420977,0.0,0.0
2020-04-30,DDPG (annual),1515595.2882898406,18.873011263639928,0.0,0.0
2020-05-31,DDPG (annual),1635958.5471425503,7.941649052533321,0.0,0.0
2020-06-30,DDPG (annual),1823054.618966751,11.436479986060295,0.0,0.0
2020-07-31,DDPG (annual),2300139.2473959825,26.16951919408908,0.0,0.0
2020-08-31,DDPG (annual),2326062.5987945558,1.1270340014380054,0.0,0.0
2020-09-30,DDPG (annual),2141127.7474075914,-7.950553501131218,-0.07950553501131216,0.0
2020-10-31,DDPG (annual),2206609.137593414,3.0582663862586195,-0.05135436220119201,0.0
2020-11-30,DDPG (annual),2154239.8169199913,-2.373293927828927,-0.07386851151968517,0.0
2020-12-31,DDPG (annual),2163654.757900037,0.4370423806160397,-0.0698209244147961,0.0
2021-01-31,DDPG (annual),1798608.3625005756,-16.87174878832156,-0.22675840132906344,0.8213576674461365
2021-02-28,DDPG (annual),1757616.3563994935,-2.2790957139825334,-0.2443813174631028,0.0
2021-03-31,DDPG (annual),1885904.4684517328,7.298982601359022,-0.18922884129211648,0.0
2021-04-30,DDPG (annual),1786756.5251544293,-5.25731525408075,-0.2318536370945533,0.0
2021-05-31,DDPG (annual),1989681.7239624902,11.357182467293459,-0.1446138530435034,0.0
2021-06-30,DDPG (annual),1999084.836355289,0.47259379626164455,-0.14057135117890537,0.0
2021-07-31,DDPG (annual),2106210.000781461,5.358710269719304,-0.09451705991361956,0.0
2021-08-31,DDPG (annual),2171737.457219881,3.1111549377368655,-0.06634608271275728,0.0
2021-09-30,DDPG (annual),3039971.0870688646,39.978756500357115,0.0,0.0
2021-10-31,DDPG (annual),3255968.6739554284,7.10525135601958,0.0,0.0
2021-11-30,DDPG (annual),3126681.1956761633,-3.970783850392618,-0.039707838503926264,0.0
2021-12-31,DDPG (annual),2710722.4051756375,-13.303524231243937,-0.16746053889929255,0.0
2022-01-31,DDPG (annual),3011562.04709203,11.098135365760536,-0.07506418253296264,0.8235520124435425
2022-02-28,DDPG (annual),3393063.9760766556,12.667908647374716,0.0,0.0
2022-03-31,DDPG (annual),2274274.153592293,-32.972847855878065,-0.3297284785587806,0.0
2022-04-30,DDPG (annual),2288675.0693588657,0.6332093140057986,-0.32548425685588656,0.0
2022-05-31,DDPG (annual),1859048.9675263593,-18.771826004678733,-0.4521031785330652,0.0
2022-06-30,DDPG (annual),2172781.8110480355,16.875986001548302,-0.35964018763937733,0.0
2022-07-31,DDPG (annual),1771072.9725585256,-18.48822723233985,-0.4780313648531943,0.0
2022-08-31,DDPG (annual),1425599.2479460447,-19.506464723099636,-0.5798489925337507,0.0
2022-09-30,DDPG (annual),1584100.6645621292,11.118230936530598,-0.5331356332414932,0.0
2022-10-31,DDPG (annual),1985068.4665105352,25.312015260042827,-0.41496285348387757,0.0
2022-11-30,DDPG (annual),1713467.4970181356,-13.682196562712777,-0.4950087858350994,0.0
2022-12-31,DDPG (annual),2292304.8994471272,33.781638895182695,-0.32441447741351404,0.0
2023-01-31,DDPG (annual),2612929.9995859456,13.987018054018408,-0.2299202083990076,0.001790262758731842
2023-02-28,DDPG (annual),3112395.7198709077,19.115158858603536,-0.08271823289647487,0.0
2023-03-31,DDPG (annual),3199005.3389948173,2.7827315971087954,-0.05719274332876713,0.0
2023-04-30,DDPG (annual),4185619.78113475,30.8412877625876,0.0,0.0
2023-05-31,DDPG (annual),4682524.227547738,11.871705324325303,0.0,0.0
2023-06-30,DDPG (annual),5358201.057145322,14.429756190528861,0.0,0.0
2023-07-31,DDPG (annual),5970810.196713049,11.433112214981081,0.0,0.0
2023-08-31,DDPG (annual),5275553.696084126,-11.644257273689,-0.11644257273688989,0.0
2023-09-30,DDPG (annual),4802091.4716103105,-8.97464516047388,-0.1957387166227662,0.0
2023-10-31,DDPG (annual),5508155.5416766,14.70326157343108,-0.07748607639397773,0.0
2023-11-30,DDPG (annual),5666460.431031689,2.874009060878888,-0.05097294264167122,0.0
2023-12-31,DDPG (annual),7027894.054068999,24.026173651219427,0.0,0.0
2024-01-31,DDPG (annual),8855278.768588644,26.001881935906933,0.0,0.003640645882114768
2024-02-29,DDPG (annual),10300361.043404145,16.3188795359157,0.0,0.0
2024-03-31,DDPG (annual),9849500.126045821,-4.377137029065925,-0.04377137029065923,0.0
2024-04-30,DDPG (annual),12998841.433552524,31.974630866582228,0.0,0.0
2024-05-31,DDPG (annual),13986662.662246943,7.599302089682096,0.0,0.0
2024-06-30,DDPG (annual),13169070.953738833,-5.845509599048019,-0.05845509599048015,0.0
2024-07-31,DDPG (annual),14392121.305287832,9.287294113953903,0.0,0.0
2024-08-31,DDPG (annual),14866660.999307217,3.297218554189312,0.0,0.0
2024-09-30,DDPG (annual),16604511.348338723,11.689580794991487,0.0,0.0
2024-10-31,DDPG (annual),16480767.158113888,-0.7452443955071067,-0.007452443955071055,0.0
2024-11-30,DDPG (annual),16012247.01417714,-2.84282970229382,-0.03566888068770775,0.0
2024-12-31,DDPG (annual),13987245.746714147,-12.6465777455848,-0.15762376541640494,0.0
2025-01-31,DDPG (annual),14116974.965367759,0.9274822291878809,-0.14981087553774003,0.0018963252659887075
2025-02-28,DDPG (annual),12251024.295635927,-13.217779831085936,-0.2621870021569988,0.0
2025-03-31,DDPG (annual),12314199.956996717,0.5156765657814686,-0.25838227342783265,0.0
2025-04-30,DDPG (annual),15274165.325865969,24.037009137466956,-0.08011955272660613,0.0
2025-05-31,DDPG (annual),17329444.66512763,13.455919164244985,0.0,0.0
2025-06-30,DDPG (annual),20099653.92083728,15.985562776193257,0.0,0.0
2025-07-31,DDPG (annual),19689310.175774522,-2.0415463205431297,-0.02041546320543134,0.0
2025-08-31,DDPG (annual),21103006.299790584,7.1800185552232145,0.0,0.0
2025-09-30,DDPG (annual),22618879.855152603,7.183211405178153,0.0,0.0
2025-10-31,DDPG (annual),20285226.094320823,-10.317282623083447,-0.10317282623083442,0.0
